Subnet,ASN,ASN Organization,Country,First Seen,Last Seen
45.91.49.0/24,262287,Latitude.sh LTDA,BR,2024-11-13 21:39:38,2024-12-01 17:18:56
62.12.114.0/23,37684,Angani Limited,KE,2024-11-13 21:39:38,2024-12-01 17:18:58
89.38.224.0/24,9009,M247 Europe SRL,RO,2024-11-13 21:39:38,2024-12-01 17:18:53
89.116.76.0/24,206092,Internet Utilities Europe and Asia Limited,GB,2024-11-13 21:39:39,2024-12-01 17:19:01
82.118.30.0/24,206092,Internet Utilities Europe and Asia Limited,GB,2024-11-13 21:39:39,2024-12-01 17:18:59
194.5.82.0/24,137409,GSL Networks Pty LTD,AU,2024-11-13 21:39:39,2024-12-01 17:18:58
163.5.65.0/24,29066,velia.net Internetdienste GmbH,DE,2024-11-13 21:39:39,2024-12-01 17:18:57
45.80.159.0/24,396356,Latitude.sh,US,2024-11-13 21:39:40,2024-12-01 17:18:58
45.132.226.0/24,206092,Internet Utilities Europe and Asia Limited,GB,2024-11-13 21:39:40,2024-12-01 17:18:55
89.38.70.0/24,206092,Internet Utilities Europe and Asia Limited,GB,2024-11-13 21:39:40,2024-12-01 17:18:57
45.137.126.0/24,62240,Clouvider Limited,GB,2024-11-13 21:39:40,2024-12-01 17:19:00
45.84.215.0/24,32181,GigeNET,US,2024-11-13 21:39:40,2024-12-01 17:18:57
173.239.236.0/24,206092,Internet Utilities Europe and Asia Limited,GB,2024-11-13 21:39:41,2024-12-01 17:18:59
108.165.153.0/24,32780,"Hosting Services, Inc.",US,2024-11-13 21:39:41,2024-12-01 17:19:01
190.93.96.0/24,396356,Latitude.sh,US,2024-11-13 21:39:41,2024-12-01 17:18:54
196.244.192.0/24,58065,Orion Network Limited,GB,2024-11-13 21:39:41,2024-12-01 17:19:00
98.159.43.0/24,206092,Internet Utilities Europe and Asia Limited,GB,2024-11-13 21:39:41,2024-12-01 17:19:01
212.30.33.0/24,212238,Datacamp Limited,GB,2024-11-13 21:39:42,2024-12-01 17:18:58
85.237.90.0/24,137409,GSL Networks Pty LTD,AU,2024-11-13 21:39:42,2024-12-01 17:19:02
178.17.160.0/20,43289,Trabia SRL,MD,2024-11-13 21:39:42,2024-12-01 17:18:53
85.203.22.0/24,13213,UK-2 Limited,GB,2024-11-13 21:39:42,2024-12-01 17:18:53
212.30.36.0/24,137409,GSL Networks Pty LTD,AU,2024-11-13 21:39:42,2024-12-01 17:18:52
5.157.128.0/24,42831,UK Dedicated Servers Limited,GB,2024-11-13 21:39:42,2024-12-01 17:19:00
45.86.201.0/24,206804,EstNOC OY,EE,2024-11-13 21:39:42,2024-12-01 17:18:52
88.202.177.0/24,13213,UK-2 Limited,GB,2024-11-13 21:39:43,2024-12-01 17:19:00
91.198.200.0/24,42708,GleSYS AB,SE,2024-11-13 21:39:43,2024-12-01 17:19:01
198.144.144.0/20,7040,Netminders Server Hosting,CA,2024-11-13 21:39:43,2024-12-01 17:18:58
193.68.92.0/24,212238,Datacamp Limited,GB,2024-11-13 21:39:43,2024-12-01 17:18:54
45.130.81.0/24,206092,Internet Utilities Europe and Asia Limited,GB,2024-11-13 21:39:43,2024-12-01 17:19:00
185.233.133.0/24,206092,Internet Utilities Europe and Asia Limited,GB,2024-11-13 21:39:44,2024-12-01 17:18:54
45.130.202.0/23,137409,GSL Networks Pty LTD,AU,2024-11-13 21:39:44,2024-12-01 17:19:00
178.212.224.0/24,42708,GleSYS AB,SE,2024-11-13 21:39:44,2024-12-01 17:18:59
2.57.171.0/24,262287,Latitude.sh LTDA,BR,2024-11-13 21:39:44,2024-12-01 17:18:54
185.208.9.0/24,62240,Clouvider Limited,GB,2024-11-13 21:39:44,2024-12-01 17:19:01
140.99.0.0/23,137409,GSL Networks Pty LTD,AU,2024-11-13 21:39:44,2024-12-01 17:18:55
45.13.191.0/24,42708,GleSYS AB,SE,2024-11-13 21:39:44,2024-12-01 17:18:55
45.95.243.0/24,212238,Datacamp Limited,GB,2024-11-13 21:39:44,2024-12-01 17:18:55
45.91.20.0/24,9009,M247 Europe SRL,RO,2024-11-13 21:39:44,2024-12-01 17:19:02
193.68.95.0/24,206092,Internet Utilities Europe and Asia Limited,GB,2024-11-13 21:39:45,2024-12-01 17:18:57
217.138.202.0/24,9009,M247 Europe SRL,RO,2024-11-13 21:39:45,2024-12-01 17:19:01
45.135.187.0/24,212238,Datacamp Limited,GB,2024-11-13 21:39:45,2024-12-01 17:19:01
45.84.213.0/24,262287,Latitude.sh LTDA,BR,2024-11-13 21:39:45,2024-12-01 17:19:00
85.206.168.0/22,61272,"Informacines sistemos ir technologijos, UAB",LT,2024-11-13 21:39:45,2024-12-01 17:18:55
185.132.186.0/24,206092,Internet Utilities Europe and Asia Limited,GB,2024-11-13 21:39:45,2024-12-01 17:18:54
194.61.40.0/23,137409,GSL Networks Pty LTD,AU,2024-11-13 21:39:46,2024-12-01 17:18:58
45.84.212.0/24,396356,Latitude.sh,US,2024-11-13 21:39:46,2024-12-01 17:18:55
84.17.38.0/23,60068,Datacamp Limited (CDN77 / DataPacket),GB,2024-11-13 21:39:46,2024-12-01 17:19:00
108.165.232.0/24,61317,Hivelocity LLC,US,2024-11-13 21:39:46,2024-12-01 17:18:56
188.212.135.0/24,206092,Internet Utilities Europe and Asia Limited,GB,2024-11-13 21:39:46,2024-12-01 17:18:59
23.26.218.0/24,13213,UK-2 Limited,GB,2024-11-13 21:39:46,2024-12-01 17:18:54
203.159.81.0/24,206092,Internet Utilities Europe and Asia Limited,GB,2024-11-13 21:39:46,2024-12-01 17:18:59
45.39.207.0/24,206092,Internet Utilities Europe and Asia Limited,GB,2024-11-13 21:39:46,2024-12-01 17:18:59
104.234.149.0/24,212238,Datacamp Limited,GB,2024-11-13 21:39:46,2024-12-01 17:18:59
45.85.91.0/24,396356,Latitude.sh,US,2024-11-13 21:39:46,2024-12-01 17:19:01
31.171.152.0/24,197706,Keminet SHPK,AL,2024-11-13 21:39:46,2024-12-01 17:18:55
194.34.173.0/24,206092,Internet Utilities Europe and Asia Limited,GB,2024-11-13 21:39:47,2024-11-27 06:28:12
185.92.24.0/24,40676,Psychz Networks,US,2024-11-13 21:39:47,2024-12-01 17:18:56
185.221.132.0/24,206804,EstNOC OY,EE,2024-11-13 21:39:47,2024-12-01 17:19:02
45.38.140.0/24,62240,Clouvider Limited,GB,2024-11-13 21:39:47,2024-12-01 17:18:55
213.21.226.0/24,212238,Datacamp Limited,GB,2024-11-13 21:39:47,2024-12-01 17:18:59
85.203.20.0/24,212238,Datacamp Limited,GB,2024-11-13 21:39:47,2024-12-01 17:18:58
85.237.91.0/24,137409,GSL Networks Pty LTD,AU,2024-11-13 21:39:47,2024-12-01 17:19:01
45.133.176.0/24,206092,Internet Utilities Europe and Asia Limited,GB,2024-11-13 21:39:47,2024-12-01 17:18:57
108.165.32.0/23,137409,GSL Networks Pty LTD,AU,2024-11-13 21:39:47,2024-12-01 17:18:53
203.26.81.0/24,206092,Internet Utilities Europe and Asia Limited,GB,2024-11-13 21:39:47,2024-12-01 17:18:56
188.213.202.0/24,137409,GSL Networks Pty LTD,AU,2024-11-13 21:39:48,2024-12-01 17:19:00
45.11.172.0/24,56322,ServerAstra Kft.,HU,2024-11-13 21:39:48,2024-12-01 17:19:01
185.205.186.0/24,197648,CLOUDLAYER8 LIMITED,CY,2024-11-13 21:39:48,2024-12-01 17:19:00
45.133.6.0/24,137409,GSL Networks Pty LTD,AU,2024-11-13 21:39:48,2024-12-01 17:18:59
185.192.16.0/24,206092,Internet Utilities Europe and Asia Limited,GB,2024-11-13 21:39:48,2024-12-01 17:18:57
146.103.39.0/24,206092,Internet Utilities Europe and Asia Limited,GB,2024-11-13 21:39:48,2024-12-01 17:18:55
209.127.0.0/20,55286,B2 Net Solutions Inc.,CA,2024-11-13 21:39:48,2024-12-01 17:19:02
38.170.144.0/21,55286,B2 Net Solutions Inc.,CA,2024-11-13 21:39:48,2024-12-01 17:19:02
45.80.157.0/24,62240,Clouvider Limited,GB,2024-11-13 21:39:48,2024-12-01 17:18:56
45.67.99.0/24,40676,Psychz Networks,US,2024-11-13 21:39:49,2024-12-01 17:18:59
193.176.211.0/24,206092,Internet Utilities Europe and Asia Limited,GB,2024-11-13 21:39:49,2024-12-01 17:18:54
185.132.187.0/24,206092,Internet Utilities Europe and Asia Limited,GB,2024-11-13 21:39:49,2024-12-01 17:18:57
173.239.199.0/24,62240,Clouvider Limited,GB,2024-11-13 21:39:49,2024-12-01 17:18:54
185.51.134.0/24,206804,EstNOC OY,EE,2024-11-13 21:39:49,2024-12-01 17:19:01
185.228.3.0/24,206092,Internet Utilities Europe and Asia Limited,GB,2024-11-13 21:39:49,2024-12-01 17:18:56
173.239.207.0/24,206092,Internet Utilities Europe and Asia Limited,GB,2024-11-13 21:39:49,2024-12-01 17:18:52
185.208.11.0/24,206092,Internet Utilities Europe and Asia Limited,GB,2024-11-13 21:39:49,2024-12-01 17:19:00
85.203.15.0/24,62240,Clouvider Limited,GB,2024-11-13 21:39:49,2024-12-01 17:19:01
213.21.238.0/24,13213,UK-2 Limited,GB,2024-11-13 21:39:49,2024-12-01 17:18:56
45.38.178.0/24,206092,Internet Utilities Europe and Asia Limited,GB,2024-11-13 21:39:49,2024-12-01 17:19:01
45.91.22.0/24,9009,M247 Europe SRL,RO,2024-11-13 21:39:50,2024-12-01 17:18:57
50.118.162.0/24,206092,Internet Utilities Europe and Asia Limited,GB,2024-11-13 21:39:50,2024-12-01 17:19:01
212.30.37.0/24,137409,GSL Networks Pty LTD,AU,2024-11-13 21:39:50,2024-12-01 17:18:58
64.64.117.0/24,262287,Latitude.sh LTDA,BR,2024-11-13 21:39:50,2024-12-01 17:18:56
50.118.143.0/24,206092,Internet Utilities Europe and Asia Limited,GB,2024-11-13 21:39:50,2024-12-01 17:19:02
149.19.196.0/24,206092,Internet Utilities Europe and Asia Limited,GB,2024-11-13 21:39:50,2024-12-01 17:18:54
85.203.45.0/24,9009,M247 Europe SRL,RO,2024-11-13 21:39:50,2024-12-01 17:18:53
45.38.57.0/24,206092,Internet Utilities Europe and Asia Limited,GB,2024-11-13 21:39:50,2024-12-01 17:18:59
45.133.5.0/24,137409,GSL Networks Pty LTD,AU,2024-11-13 21:39:51,2024-12-01 17:18:53
45.130.136.0/24,9009,M247 Europe SRL,RO,2024-11-13 21:39:51,2024-12-01 17:19:01
194.5.83.0/24,137409,GSL Networks Pty LTD,AU,2024-11-13 21:39:51,2024-12-01 17:18:58
23.230.125.0/24,62240,Clouvider Limited,GB,2024-11-13 21:39:51,2024-12-01 17:18:54
37.120.221.0/24,9009,M247 Europe SRL,RO,2024-11-13 21:39:51,2024-12-01 17:18:57
45.84.216.0/24,212238,Datacamp Limited,GB,2024-11-13 21:39:51,2024-12-01 17:18:58
193.68.91.0/24,206092,Internet Utilities Europe and Asia Limited,GB,2024-11-13 21:39:51,2024-12-01 17:19:00
37.77.56.0/24,206804,EstNOC OY,EE,2024-11-13 21:39:51,2024-12-01 17:19:01
185.195.18.0/23,9009,M247 Europe SRL,RO,2024-11-13 21:39:51,2024-12-01 17:18:52
213.169.148.0/24,197648,CLOUDLAYER8 LIMITED,CY,2024-11-13 21:39:51,2024-12-01 17:18:53
83.219.96.0/24,137409,GSL Networks Pty LTD,AU,2024-11-13 23:22:15,2024-12-01 17:18:56
212.2.238.0/24,42831,UK Dedicated Servers Limited,GB,2024-11-13 23:22:17,2024-12-01 17:18:59
216.24.212.0/24,62240,Clouvider Limited,GB,2024-11-13 23:22:17,2024-12-01 17:18:56
50.114.94.0/24,206092,Internet Utilities Europe and Asia Limited,GB,2024-11-13 23:22:17,2024-12-01 17:18:53
45.84.219.0/24,396356,Latitude.sh,US,2024-11-13 23:22:18,2024-12-01 17:18:53
31.217.248.0/24,137409,GSL Networks Pty LTD,AU,2024-11-13 23:22:18,2024-12-01 17:19:02
196.196.52.0/24,41564,Orion Network Limited,GB,2024-11-13 23:22:18,2024-12-01 17:19:00
173.244.43.0/24,137409,GSL Networks Pty LTD,AU,2024-11-13 23:22:19,2024-12-01 17:18:53
91.239.206.0/23,47810,Proservice LLC,GE,2024-11-13 23:22:19,2024-12-01 17:18:56
154.16.59.0/24,32181,GigeNET,US,2024-11-13 23:22:20,2024-11-26 21:20:11
185.255.124.0/24,396356,Latitude.sh,US,2024-11-13 23:22:20,2024-12-01 17:18:56
45.39.44.0/24,32181,GigeNET,US,2024-11-13 23:22:20,2024-12-01 17:18:55
190.112.223.0/24,52423,Data Miners S.A. ( Racknation.cr ),CR,2024-11-13 23:22:20,2024-12-01 17:19:02
115.167.7.0/24,13213,UK-2 Limited,GB,2024-11-13 23:22:21,2024-12-01 17:18:59
141.11.36.0/24,137409,GSL Networks Pty LTD,AU,2024-11-13 23:22:22,2024-12-01 17:19:00
179.48.251.0/24,52423,Data Miners S.A. ( Racknation.cr ),CR,2024-11-13 23:22:22,2024-12-01 17:18:56
5.180.179.0/24,137409,GSL Networks Pty LTD,AU,2024-11-13 23:22:22,2024-12-01 17:18:58
45.129.85.0/24,137409,GSL Networks Pty LTD,AU,2024-11-13 23:22:23,2024-12-01 17:18:59
203.25.124.0/24,137409,GSL Networks Pty LTD,AU,2024-11-13 23:22:23,2024-12-01 17:19:02
98.159.39.0/24,137409,GSL Networks Pty LTD,AU,2024-11-13 23:22:24,2024-12-01 17:18:53
166.0.181.0/24,8100,QuadraNet Enterprises LLC,US,2024-11-13 23:22:24,2024-12-01 17:19:01
104.234.109.0/24,8100,QuadraNet Enterprises LLC,US,2024-11-13 23:22:24,2024-12-01 17:18:59
196.196.106.0/24,41564,Orion Network Limited,GB,2024-11-13 23:22:24,2024-12-01 17:18:59
98.159.33.0/24,46844,Sharktech,US,2024-11-13 23:22:25,2024-12-01 17:18:55
45.137.124.0/24,206092,Internet Utilities Europe and Asia Limited,GB,2024-11-13 23:22:25,2024-12-01 17:19:00
84.239.62.0/24,137409,GSL Networks Pty LTD,AU,2024-11-13 23:22:25,2024-12-01 17:18:53
185.137.164.0/24,137409,GSL Networks Pty LTD,AU,2024-11-13 23:22:26,2024-12-01 17:18:56
5.181.186.0/24,29066,velia.net Internetdienste GmbH,DE,2024-11-13 23:22:26,2024-12-01 17:18:55
213.21.247.0/24,206092,Internet Utilities Europe and Asia Limited,GB,2024-11-20 07:20:47,2024-12-01 17:18:59
31.171.130.0/24,206092,Internet Utilities Europe and Asia Limited,GB,2024-11-21 08:25:29,2024-12-01 17:19:00
