IP,First Seen,Last Seen
31.171.130.171,2024-11-29 14:20:30,2024-11-29 14:20:30
213.21.226.3,2024-11-29 14:20:30,2024-11-29 14:20:30
45.38.140.11,2024-11-29 14:20:30,2024-11-29 14:20:30
193.68.95.144,2024-11-29 14:20:30,2024-11-29 14:20:30
45.38.140.40,2024-11-29 14:20:30,2024-11-29 14:20:30
45.38.140.107,2024-11-29 14:20:30,2024-11-29 14:20:30
45.38.140.10,2024-11-29 14:20:30,2024-11-29 14:20:30
45.38.140.232,2024-11-29 14:20:30,2024-11-29 14:20:30
193.68.95.117,2024-11-29 14:20:30,2024-11-29 14:20:30
193.68.95.19,2024-11-29 14:20:30,2024-11-29 14:20:30
213.21.226.110,2024-11-29 14:20:30,2024-11-29 14:20:30
193.68.95.131,2024-11-29 14:20:30,2024-11-29 14:20:30
45.38.140.14,2024-11-29 14:20:30,2024-11-29 14:20:30
31.171.130.210,2024-11-29 14:20:30,2024-11-29 14:20:30
45.38.140.6,2024-11-29 14:20:30,2024-11-29 14:20:30
45.38.140.125,2024-11-29 14:20:30,2024-11-29 14:20:30
213.21.226.116,2024-11-29 14:20:30,2024-11-29 14:20:30
45.38.140.27,2024-11-29 14:20:30,2024-11-29 14:20:30
45.38.140.48,2024-11-29 14:20:30,2024-11-29 14:20:30
45.38.140.18,2024-11-29 14:20:30,2024-11-29 14:20:30
45.38.140.71,2024-11-29 14:20:30,2024-11-29 14:20:30
31.171.130.168,2024-11-29 14:20:30,2024-11-29 14:20:30
193.68.95.46,2024-11-29 14:20:30,2024-11-29 14:20:30
45.38.140.43,2024-11-29 14:20:30,2024-11-29 14:20:30
45.38.140.188,2024-11-29 14:20:30,2024-11-29 14:20:30
45.38.140.17,2024-11-29 14:20:30,2024-11-29 14:20:30
213.21.226.6,2024-11-29 14:20:30,2024-11-29 14:20:30
45.38.140.51,2024-11-29 14:20:30,2024-11-29 14:20:30
45.38.140.131,2024-11-29 14:20:30,2024-11-29 14:20:30
45.38.140.208,2024-11-29 14:20:30,2024-11-29 14:20:30
